track_id,num_positions,first_frame,last_frame,duration
0,1,1,1,0
1,4,1,6,5
2,16,1,45,44
3,8,1,8,7
4,33,1,59,58
5,1,1,1,0
6,8,1,14,13
7,14,1,33,32
8,15,1,44,43
9,2,1,6,5
10,13,1,21,20
11,81,1,104,103
12,7,1,17,16
13,21,1,34,33
14,53,1,64,63
15,8,1,11,10
16,2,1,4,3
17,28,1,44,43
18,26,1,45,44
19,83,1,126,125
20,35,1,67,66
21,4,1,4,3
22,7,2,21,19
23,9,2,29,27
24,4,2,9,7
25,17,2,49,47
26,5,2,26,24
27,2,2,4,2
28,20,2,24,22
29,2,2,3,1
30,17,2,25,23
31,78,2,112,110
32,74,2,136,134
33,16,3,34,31
34,7,3,24,21
35,3,3,12,9
36,3,4,15,11
37,7,4,11,7
38,6,5,30,25
39,7,5,21,16
40,10,5,23,18
41,2,6,7,1
42,7,6,33,27
43,12,6,28,22
44,22,6,40,34
45,24,6,37,31
46,10,9,22,13
47,3,10,12,2
48,19,12,49,37
49,92,12,129,117
50,9,12,20,8
51,11,13,40,27
52,8,14,36,22
53,11,15,50,35
54,7,15,50,35
55,2,17,18,1
56,21,17,61,44
57,49,18,111,93
58,1,20,20,0
59,4,21,38,17
60,5,22,26,4
61,35,24,65,41
62,3,24,26,2
63,8,25,44,19
64,2,25,34,9
65,7,27,41,14
66,13,27,51,24
67,11,27,52,25
68,7,27,33,6
69,3,28,41,13
70,7,29,40,11
71,37,29,106,77
72,2,30,36,6
73,79,30,133,103
74,11,30,40,10
75,2,31,33,2
76,7,31,37,6
77,3,32,38,6
78,14,32,68,36
79,4,34,44,10
80,19,35,76,41
81,32,35,83,48
82,2,36,37,1
83,15,37,66,29
84,12,38,61,23
85,4,38,46,8
86,1,39,39,0
87,53,41,130,89
88,27,41,85,44
89,3,42,48,6
90,34,43,85,42
91,11,44,70,26
92,6,45,66,21
93,5,45,65,20
94,98,45,184,139
95,26,46,92,46
96,64,46,143,97
97,2,47,48,1
98,23,48,103,55
99,20,49,74,25
100,7,51,65,14
101,57,51,139,88
102,43,52,114,62
103,5,53,62,9
104,5,53,59,6
105,22,54,99,45
106,27,54,130,76
107,3,55,62,7
108,6,55,78,23
109,178,56,309,253
110,33,57,108,51
111,6,57,63,6
112,1,59,59,0
113,71,60,139,79
114,1,61,61,0
115,5,61,68,7
116,14,62,86,24
117,13,62,82,20
118,17,63,87,24
119,3,63,68,5
120,15,63,102,39
121,63,64,136,72
122,5,65,81,16
123,16,65,87,22
124,7,65,73,8
125,1,66,66,0
126,7,66,76,10
127,23,66,101,35
128,18,67,109,42
129,29,67,119,52
130,4,71,78,7
131,10,73,90,17
132,7,73,101,28
133,11,74,95,21
134,95,74,210,136
135,4,75,86,11
136,10,77,87,10
137,10,77,95,18
138,3,78,80,2
139,7,79,98,19
140,34,80,150,70
141,1,80,80,0
142,2,81,88,7
143,2,82,86,4
144,6,82,98,16
145,3,83,96,13
146,39,83,156,73
147,8,83,111,28
148,42,84,158,74
149,17,84,112,28
150,18,87,116,29
151,15,88,120,32
152,2,91,97,6
153,9,92,104,12
154,1,93,93,0
155,92,93,228,135
156,27,95,135,40
157,22,96,157,61
158,1,96,96,0
159,5,98,103,5
160,97,98,255,157
161,4,99,104,5
162,5,101,120,19
163,1,104,104,0
164,3,105,124,19
165,2,105,106,1
166,7,106,116,10
167,4,106,111,5
168,5,107,120,13
169,5,107,112,5
170,2,107,108,1
171,29,107,160,53
172,15,108,132,24
173,2,111,113,2
174,32,113,165,52
175,30,114,191,77
176,1,114,114,0
177,15,115,148,33
178,16,115,163,48
179,7,117,139,22
180,3,117,119,2
181,4,119,122,3
182,26,120,164,44
183,26,120,156,36
184,5,121,128,7
185,9,121,151,30
186,17,123,155,32
187,2,124,126,2
188,16,124,157,33
189,1,125,125,0
190,8,127,147,20
191,48,128,205,77
192,10,128,140,12
193,6,130,162,32
194,3,130,134,4
195,1,131,131,0
196,91,131,241,110
197,28,132,191,59
198,1,132,132,0
199,10,132,157,25
200,2,132,140,8
201,1,133,133,0
202,6,135,148,13
203,10,138,163,25
204,1,139,139,0
205,2,139,142,3
206,10,139,165,26
207,1,140,140,0
208,8,143,158,15
209,4,143,148,5
210,12,144,184,40
211,37,144,199,55
212,14,145,176,31
213,11,146,164,18
214,4,147,153,6
215,14,148,172,24
216,3,148,153,5
217,137,148,318,170
218,1,149,149,0
219,62,149,218,69
220,37,150,223,73
221,23,151,187,36
222,2,152,162,10
223,11,154,172,18
224,83,154,274,120
225,2,155,164,9
226,5,157,168,11
227,8,158,175,17
228,3,161,167,6
229,24,162,222,60
230,22,163,206,43
231,1,164,164,0
232,23,165,208,43
233,2,166,167,1
234,28,166,222,56
235,25,166,222,56
236,8,168,186,18
237,19,168,192,24
238,7,168,196,28
239,6,171,194,23
240,21,171,202,31
241,56,171,303,132
242,3,171,173,2
243,2,171,175,4
244,94,173,302,129
245,6,174,180,6
246,24,175,217,42
247,1,175,175,0
248,5,175,192,17
249,3,176,183,7
250,36,176,217,41
251,23,176,213,37
252,9,178,188,10
253,10,178,202,24
254,18,181,228,47
255,10,181,190,9
256,10,183,193,10
257,28,183,231,48
258,14,185,224,39
259,9,186,228,42
260,2,187,188,1
261,3,187,197,10
262,69,187,330,143
263,1,188,188,0
264,28,188,226,38
265,100,188,370,182
266,19,188,215,27
267,1,189,189,0
268,21,190,231,41
269,3,190,194,4
270,108,191,363,172
271,21,191,266,75
272,12,192,218,26
273,75,193,308,115
274,23,194,241,47
275,1,195,195,0
276,2,195,197,2
277,4,195,201,6
278,14,197,227,30
279,92,197,341,144
280,1,203,203,0
281,20,204,248,44
282,9,204,221,17
283,53,204,278,74
284,4,205,221,16
285,5,207,234,27
286,26,208,266,58
287,3,208,216,8
288,12,210,234,24
289,27,214,251,37
290,1,217,217,0
291,38,217,305,88
292,17,218,242,24
293,37,218,258,40
294,52,218,287,69
295,2,219,225,6
296,47,221,271,50
297,3,223,231,8
298,7,223,243,20
299,47,225,279,54
300,56,226,330,104
301,2,227,230,3
302,10,228,244,16
303,34,228,323,95
304,5,228,252,24
305,12,230,251,21
306,5,230,234,4
307,2,231,233,2
308,88,231,353,122
309,4,232,244,12
310,16,232,258,26
311,56,234,331,97
312,15,234,264,30
313,29,234,289,55
314,10,235,264,29
315,14,236,257,21
316,2,237,238,1
317,4,237,245,8
318,3,241,245,4
319,2,242,246,4
320,5,243,248,5
321,87,243,353,110
322,17,245,276,31
323,9,245,281,36
324,99,246,382,136
325,33,246,303,57
326,12,249,266,17
327,66,250,354,104
328,13,250,269,19
329,29,251,302,51
330,7,251,261,10
331,2,253,254,1
332,2,256,262,6
333,65,257,401,144
334,22,257,314,57
335,17,258,279,21
336,3,259,263,4
337,1,260,260,0
338,47,260,368,108
339,3,263,265,2
340,12,264,296,32
341,15,264,289,25
342,2,265,267,2
343,16,266,295,29
344,16,267,300,33
345,8,267,275,8
346,6,267,272,5
347,21,268,306,38
348,13,270,291,21
349,15,270,298,28
350,10,272,296,24
351,12,272,311,39
352,20,273,316,43
353,7,273,284,11
354,5,275,289,14
355,33,275,323,48
356,1,276,276,0
357,11,276,290,14
358,165,279,485,206
359,1,281,281,0
360,2,282,284,2
361,39,282,357,75
362,3,282,284,2
363,1,283,283,0
364,2,285,293,8
365,17,286,329,43
366,1,287,287,0
367,1,288,288,0
368,6,288,309,21
369,2,289,292,3
370,58,289,415,126
371,16,292,320,28
372,19,292,328,36
373,5,294,307,13
374,9,294,331,37
375,5,297,305,8
376,4,297,304,7
377,24,297,349,52
378,1,298,298,0
379,157,299,516,217
380,16,300,331,31
381,50,301,381,80
382,7,302,313,11
383,44,302,357,55
384,9,303,311,8
385,9,303,326,23
386,14,306,335,29
387,55,306,383,77
388,6,308,318,10
389,49,310,404,94
390,40,310,366,56
391,44,310,435,125
392,65,311,413,102
393,1,312,312,0
394,6,313,328,15
395,9,317,342,25
396,28,317,392,75
397,2,317,318,1
398,4,317,320,3
399,1,318,318,0
400,4,320,328,8
401,1,321,321,0
402,3,322,327,5
403,22,324,361,37
404,3,325,327,2
405,5,326,336,10
406,15,326,371,45
407,97,329,453,124
408,57,329,479,150
409,8,329,371,42
410,30,329,364,35
411,5,331,345,14
412,37,331,418,87
413,2,332,342,10
414,2,333,334,1
415,10,333,350,17
416,4,335,339,4
417,21,335,394,59
418,32,336,390,54
419,53,336,400,64
420,14,337,362,25
421,21,338,389,51
422,8,338,376,38
423,30,341,380,39
424,2,343,346,3
425,34,343,379,36
426,4,344,358,14
427,24,348,381,33
428,11,349,363,14
429,89,349,465,116
430,4,350,365,15
431,1,353,353,0
432,7,353,362,9
433,1,353,353,0
434,18,354,404,50
435,5,354,368,14
436,3,355,360,5
437,2,355,359,4
438,55,355,446,91
439,2,356,366,10
440,12,356,376,20
441,45,358,424,66
442,30,360,415,55
443,33,360,400,40
444,34,363,443,80
445,6,364,380,16
446,2,366,374,8
447,9,366,392,26
448,21,366,403,37
449,1,367,367,0
450,23,368,431,63
451,2,368,372,4
452,10,369,393,24
453,8,370,382,12
454,12,372,393,21
455,34,373,434,61
456,9,374,400,26
457,20,374,395,21
458,54,375,510,135
459,1,376,376,0
460,3,378,391,13
461,48,378,433,55
462,2,380,381,1
463,200,380,695,315
464,9,381,397,16
465,3,382,386,4
466,12,382,410,28
467,50,384,472,88
468,1,386,386,0
469,1,386,386,0
470,2,386,389,3
471,11,388,418,30
472,22,389,440,51
473,26,389,463,74
474,1,393,393,0
475,26,394,463,69
476,21,396,440,44
477,16,397,430,33
478,14,398,422,24
479,1,399,399,0
480,6,399,404,5
481,1,402,402,0
482,51,402,495,93
483,2,402,410,8
484,22,403,443,40
485,2,403,404,1
486,151,403,656,253
487,54,404,522,118
488,82,405,508,103
489,4,407,412,5
490,35,407,475,68
491,37,408,470,62
492,7,408,416,8
493,4,409,414,5
494,11,412,425,13
495,15,414,435,21
496,4,416,429,13
497,2,416,420,4
498,11,416,441,25
499,4,417,425,8
500,16,417,449,32
501,21,423,449,26
502,41,423,479,56
503,3,424,429,5
504,4,426,440,14
505,14,426,465,39
506,74,426,584,158
507,77,426,510,84
508,100,431,642,211
509,4,432,436,4
510,9,435,460,25
511,3,435,440,5
512,14,437,460,23
513,20,438,490,52
514,8,439,463,24
515,17,439,474,35
516,11,439,461,22
517,7,441,459,18
518,5,441,458,17
519,11,443,464,21
520,6,443,462,19
521,46,443,519,76
522,14,445,484,39
523,5,445,454,9
524,3,446,462,16
525,3,448,450,2
526,88,448,584,136
527,3,449,454,5
528,27,449,495,46
529,3,451,459,8
530,16,451,483,32
531,4,451,459,8
532,8,451,475,24
533,21,452,479,27
534,1,453,453,0
535,5,453,465,12
536,38,453,522,69
537,6,455,477,22
538,1,456,456,0
539,7,459,478,19
540,7,459,477,18
541,6,459,480,21
542,25,460,511,51
543,89,462,583,121
544,22,462,506,44
545,4,462,465,3
546,2,464,474,10
547,10,465,475,10
548,5,465,478,13
549,21,465,505,40
550,5,467,481,14
551,31,469,526,57
552,3,470,472,2
553,15,470,489,19
554,1,471,471,0
555,21,471,499,28
556,18,471,502,31
557,67,471,570,99
558,7,474,493,19
559,2,474,479,5
560,1,474,474,0
561,2,477,478,1
562,3,477,480,3
563,13,477,509,32
564,43,477,543,66
565,7,481,503,22
566,177,482,761,279
567,31,482,552,70
568,42,482,560,78
569,4,486,500,14
570,8,487,516,29
571,5,489,496,7
572,1,490,490,0
573,1,491,491,0
574,6,491,511,20
575,165,491,692,201
576,11,492,506,14
577,53,492,575,83
578,15,492,510,18
579,39,492,543,51
580,53,492,575,83
581,33,493,570,77
582,6,493,513,20
583,14,496,531,35
584,22,497,548,51
585,30,498,572,74
586,3,499,501,2
587,1,501,501,0
588,56,501,592,91
589,57,502,585,83
590,2,503,509,6
591,7,503,513,10
592,5,505,514,9
593,59,507,615,108
594,175,508,717,209
595,4,509,521,12
596,5,509,519,10
597,13,510,529,19
598,9,511,549,38
599,5,512,525,13
600,23,512,556,44
601,1,512,512,0
602,15,513,552,39
603,163,513,723,210
604,27,513,575,62
605,4,514,520,6
606,6,514,530,16
607,25,514,561,47
608,17,515,538,23
609,5,516,535,19
610,2,517,522,5
611,55,517,578,61
612,13,517,545,28
613,7,518,535,17
614,11,519,544,25
615,15,519,548,29
616,18,519,551,32
617,9,520,538,18
618,3,520,530,10
619,10,520,540,20
620,44,521,610,89
621,218,521,781,260
622,2,522,523,1
623,6,525,533,8
624,11,526,557,31
625,7,528,539,11
626,9,528,545,17
627,36,528,573,45
628,38,528,568,40
629,5,529,535,6
630,9,532,553,21
631,7,535,553,18
632,2,535,536,1
633,9,535,557,22
634,90,535,643,108
635,13,535,557,22
636,16,538,588,50
637,13,541,555,14
638,9,542,552,10
639,134,544,745,201
640,5,544,548,4
641,21,545,610,65
642,22,545,576,31
643,1,545,545,0
644,21,546,591,45
645,1,546,546,0
646,28,546,614,68
647,18,546,591,45
648,31,548,592,44
649,12,548,588,40
650,29,550,606,56
651,17,552,571,19
652,14,552,593,41
653,19,554,586,32
654,6,557,576,19
655,9,559,586,27
656,2,560,562,2
657,23,561,601,40
658,13,563,596,33
659,42,565,680,115
660,6,565,575,10
661,4,567,573,6
662,2,568,570,2
663,3,569,574,5
664,12,569,587,18
665,13,569,608,39
666,3,570,578,8
667,97,571,747,176
668,8,573,590,17
669,235,576,916,340
670,18,576,625,49
671,53,577,692,115
672,9,578,587,9
673,8,580,594,14
674,15,580,603,23
675,4,581,586,5
676,11,581,592,11
677,86,584,695,111
678,3,585,587,2
679,26,585,648,63
680,9,586,607,21
681,8,586,616,30
682,25,587,622,35
683,3,588,595,7
684,23,588,630,42
685,18,589,634,45
686,31,591,663,72
687,23,592,637,45
688,4,592,598,6
689,84,592,695,103
690,5,593,599,6
691,22,594,633,39
692,32,595,646,51
693,4,595,599,4
694,3,597,600,3
695,40,599,702,103
696,11,599,626,27
697,21,599,647,48
698,19,600,639,39
699,10,601,648,47
700,7,601,613,12
701,9,603,626,23
702,11,603,637,34
703,15,603,632,29
704,22,604,644,40
705,8,605,621,16
706,1,606,606,0
707,2,606,614,8
708,28,606,665,59
709,3,608,611,3
710,2,610,613,3
711,5,611,620,9
712,5,612,623,11
713,4,614,631,17
714,9,615,639,24
715,10,616,637,21
716,12,617,649,32
717,38,617,683,66
718,18,618,666,48
719,2,619,623,4
720,8,619,629,10
721,38,620,703,83
722,32,621,679,58
723,1,622,622,0
724,7,622,644,22
725,1,623,623,0
726,19,624,669,45
727,2,625,629,4
728,2,626,627,1
729,2,626,629,3
730,1,626,626,0
731,14,630,666,36
732,24,631,663,32
733,4,632,638,6
734,1,634,634,0
735,116,635,780,145
736,58,635,739,104
737,1,636,636,0
738,7,637,652,15
739,5,638,642,4
740,6,638,656,18
741,78,638,762,124
742,2,639,645,6
743,1,640,640,0
744,2,642,651,9
745,5,642,667,25
746,14,642,666,24
747,8,643,678,35
748,149,643,848,205
749,13,646,673,27
750,1,647,647,0
751,11,648,674,26
752,26,648,699,51
753,3,649,654,5
754,2,650,653,3
755,5,651,675,24
756,13,653,675,22
757,6,654,663,9
758,5,655,679,24
759,6,657,669,12
760,65,657,770,113
761,3,660,664,4
762,4,662,667,5
763,62,662,745,83
764,5,663,667,4
765,7,664,687,23
766,17,665,694,29
767,1,665,665,0
768,27,665,731,66
769,7,667,702,35
770,24,667,725,58
771,5,667,672,5
772,3,669,680,11
773,3,671,676,5
774,14,672,685,13
775,18,673,719,46
776,6,673,687,14
777,1,674,674,0
778,35,674,710,36
779,14,676,707,31
780,18,677,706,29
781,5,677,686,9
782,9,678,688,10
783,47,681,736,55
784,24,682,745,63
785,133,682,965,283
786,19,683,712,29
787,1,684,684,0
788,15,685,710,25
789,1,685,685,0
790,4,686,689,3
791,5,687,701,14
792,4,689,707,18
793,3,690,697,7
794,2,691,694,3
795,10,694,711,17
796,12,697,738,41
797,25,699,752,53
798,56,700,810,110
799,5,701,705,4
800,43,701,792,91
801,15,703,722,19
802,15,704,755,51
803,22,704,733,29
804,48,706,788,82
805,1,707,707,0
806,17,707,741,34
807,2,708,712,4
808,7,709,721,12
809,15,710,729,19
810,43,711,780,69
811,36,711,753,42
812,9,712,723,11
813,1,713,713,0
814,7,713,725,12
815,5,714,726,12
816,9,715,753,38
817,133,715,891,176
818,3,718,722,4
819,17,718,745,27
820,17,719,757,38
821,5,722,734,12
822,5,723,738,15
823,1,724,724,0
824,1,724,724,0
825,11,724,751,27
826,5,725,734,9
827,6,726,733,7
828,1,727,727,0
829,17,727,758,31
830,10,729,754,25
831,2,731,737,6
832,28,732,781,49
833,2,734,737,3
834,8,734,754,20
835,5,735,754,19
836,9,735,746,11
837,8,737,745,8
838,4,738,747,9
839,6,739,749,10
840,8,739,753,14
841,2,739,741,2
842,20,739,780,41
843,4,740,753,13
844,33,740,815,75
845,10,741,756,15
846,2,741,746,5
847,69,742,854,112
848,8,742,753,11
849,7,743,759,16
850,5,743,750,7
851,26,743,811,68
852,13,744,781,37
853,5,744,764,20
854,69,745,873,128
855,14,745,759,14
856,18,748,784,36
857,5,749,755,6
858,25,751,784,33
859,2,751,755,4
860,4,751,760,9
861,2,755,758,3
862,104,755,885,130
863,6,756,774,18
864,1,757,757,0
865,7,757,787,30
866,18,758,797,39
867,4,758,770,12
868,28,759,840,81
869,23,760,809,49
870,2,761,763,2
871,23,761,796,35
872,5,762,777,15
873,2,764,769,5
874,1,764,764,0
875,68,766,881,115
876,4,768,781,13
877,4,769,777,8
878,46,770,909,139
879,156,770,1010,240
880,26,771,803,32
881,11,771,799,28
882,11,771,799,28
883,48,772,836,64
884,111,772,987,215
885,54,773,901,128
886,2,774,778,4
887,71,774,857,83
888,1,775,775,0
889,1,775,775,0
890,1,776,776,0
891,4,776,782,6
892,5,777,796,19
893,22,777,812,35
894,1,778,778,0
895,1,778,778,0
896,4,778,785,7
897,2,782,785,3
898,101,782,920,138
899,44,783,874,91
900,12,783,799,16
901,43,783,843,60
902,9,784,806,22
903,6,784,805,21
904,3,785,794,9
905,28,785,816,31
906,27,786,866,80
907,2,786,790,4
908,53,786,857,71
909,2,787,795,8
910,25,787,826,39
911,123,787,1015,228
912,102,788,910,122
913,1,789,789,0
914,3,790,796,6
915,6,791,808,17
916,1,791,791,0
917,4,795,805,10
918,5,795,803,8
919,3,796,798,2
920,9,796,809,13
921,2,797,808,11
922,24,797,858,61
923,3,798,801,3
924,5,799,813,14
925,2,800,803,3
926,1,800,800,0
927,1,801,801,0
928,10,801,817,16
929,1,802,802,0
930,10,803,823,20
931,56,803,887,84
932,1,804,804,0
933,2,805,812,7
934,1,809,809,0
935,3,811,815,4
936,13,812,844,32
937,12,812,843,31
938,8,814,827,13
939,43,815,910,95
940,18,816,842,26
941,1,817,817,0
942,3,817,825,8
943,13,817,830,13
944,10,818,840,22
945,2,818,827,9
946,4,819,829,10
947,38,819,888,69
948,6,822,827,5
949,6,823,836,13
950,14,824,856,32
951,12,824,844,20
952,7,824,839,15
953,4,824,827,3
954,12,825,847,22
955,1,826,826,0
956,4,827,840,13
957,17,827,851,24
958,3,827,830,3
959,1,828,828,0
960,25,828,886,58
961,45,828,918,90
962,3,828,831,3
963,59,828,923,95
964,48,829,923,94
965,8,829,848,19
966,3,831,841,10
967,16,831,848,17
968,1,832,832,0
969,8,832,852,20
970,8,832,847,15
971,2,839,840,1
972,10,839,856,17
973,1,840,840,0
974,9,841,865,24
975,4,843,856,13
976,1,846,846,0
977,1,847,847,0
978,3,849,851,2
979,10,849,863,14
980,4,849,868,19
981,88,850,1006,156
982,2,851,852,1
983,43,851,893,42
984,1,852,852,0
985,2,853,863,10
986,6,853,865,12
987,4,854,858,4
988,11,854,876,22
989,34,855,902,47
990,38,858,925,67
991,9,859,881,22
992,5,862,872,10
993,1,863,863,0
994,17,864,903,39
995,3,864,880,16
996,3,864,869,5
997,30,864,898,34
998,6,865,885,20
999,6,865,872,7
1000,28,866,947,81
1001,4,867,872,5
1002,3,867,884,17
1003,8,868,886,18
1004,2,869,870,1
1005,9,870,904,34
1006,7,871,887,16
1007,45,872,968,96
1008,9,873,893,20
1009,24,873,925,52
1010,33,873,929,56
1011,5,875,880,5
1012,42,875,991,116
1013,21,875,923,48
1014,67,876,963,87
1015,2,877,881,4
1016,10,879,904,25
1017,50,879,1009,130
1018,5,881,889,8
1019,3,885,898,13
1020,10,885,916,31
1021,13,886,907,21
1022,8,887,905,18
1023,12,888,905,17
1024,14,890,930,40
1025,7,891,907,16
1026,4,894,897,3
1027,44,894,1001,107
1028,9,894,910,16
1029,3,898,900,2
1030,2,899,903,4
1031,19,899,930,31
1032,2,900,905,5
1033,22,901,937,36
1034,8,902,912,10
1035,5,902,917,15
1036,2,903,904,1
1037,6,907,925,18
1038,3,908,911,3
1039,87,908,1044,136
1040,38,909,972,63
1041,8,910,918,8
1042,2,910,915,5
1043,17,910,927,17
1044,98,910,1029,119
1045,3,911,917,6
1046,6,911,916,5
1047,1,913,913,0
1048,12,913,935,22
1049,30,917,961,44
1050,1,918,918,0
1051,6,918,929,11
1052,1,918,918,0
1053,8,919,928,9
1054,68,920,989,69
1055,7,921,933,12
1056,4,922,926,4
1057,19,923,984,61
1058,4,924,937,13
1059,43,924,1007,83
1060,12,925,940,15
1061,5,925,931,6
1062,2,925,928,3
1063,117,925,1078,153
1064,6,926,939,13
1065,5,928,936,8
1066,15,929,954,25
1067,12,929,966,37
1068,5,929,953,24
1069,13,930,967,37
1070,14,931,953,22
1071,5,931,942,11
1072,1,931,931,0
1073,3,931,939,8
1074,7,932,962,30
1075,8,933,940,7
1076,1,934,934,0
1077,1,935,935,0
1078,73,938,1083,145
1079,6,938,943,5
1080,11,939,951,12
1081,6,941,946,5
1082,6,943,960,17
1083,44,943,1030,87
1084,10,943,960,17
1085,62,944,1058,114
1086,6,944,962,18
1087,3,945,948,3
1088,14,946,964,18
1089,10,947,984,37
1090,5,948,957,9
1091,2,948,950,2
1092,2,949,950,1
1093,4,950,955,5
1094,10,950,965,15
1095,7,951,982,31
1096,3,951,957,6
1097,41,952,1035,83
1098,11,954,977,23
1099,23,954,994,40
1100,6,957,969,12
1101,9,957,983,26
1102,2,959,960,1
1103,17,959,994,35
1104,41,961,1041,80
1105,14,961,997,36
1106,15,961,987,26
1107,4,961,972,11
1108,4,962,972,10
1109,2,963,965,2
1110,16,964,989,25
1111,2,965,966,1
1112,10,966,995,29
1113,28,966,1018,52
1114,1,967,967,0
1115,45,969,1077,108
1116,89,972,1113,141
1117,22,974,1010,36
1118,15,974,1006,32
1119,58,977,1098,121
1120,24,978,1030,52
1121,45,978,1035,57
1122,11,980,995,15
1123,14,981,1007,26
1124,7,981,993,12
1125,1,982,982,0
1126,4,982,985,3
1127,31,982,1025,43
1128,7,983,1015,32
1129,4,983,987,4
1130,19,983,1043,60
1131,5,986,997,11
1132,14,986,1013,27
1133,3,987,989,2
1134,18,988,1020,32
1135,11,992,1005,13
1136,4,994,999,5
1137,3,995,997,2
1138,8,996,1020,24
1139,2,997,1002,5
1140,13,997,1057,60
1141,2,997,998,1
1142,12,998,1036,38
1143,29,999,1064,65
1144,31,999,1068,69
1145,38,999,1063,64
1146,13,1000,1025,25
1147,1,1001,1001,0
1148,9,1002,1017,15
1149,35,1002,1050,48
1150,11,1003,1047,44
1151,70,1003,1111,108
1152,43,1004,1086,82
1153,1,1004,1004,0
1154,3,1007,1015,8
1155,10,1008,1027,19
1156,68,1008,1118,110
1157,4,1009,1014,5
1158,34,1009,1053,44
1159,30,1012,1048,36
1160,3,1013,1017,4
1161,29,1013,1062,49
1162,8,1015,1036,21
1163,14,1015,1045,30
1164,14,1015,1036,21
1165,12,1017,1041,24
1166,38,1017,1108,91
1167,10,1018,1050,32
1168,12,1018,1043,25
1169,5,1019,1037,18
1170,41,1020,1109,89
1171,26,1022,1066,44
1172,32,1022,1073,51
1173,19,1022,1049,27
1174,46,1024,1092,68
1175,19,1025,1061,36
1176,17,1025,1056,31
1177,10,1026,1066,40
1178,9,1026,1046,20
1179,2,1030,1031,1
1180,18,1030,1085,55
1181,3,1032,1038,6
1182,10,1033,1048,15
1183,15,1033,1061,28
1184,10,1035,1047,12
1185,1,1037,1037,0
1186,2,1037,1044,7
1187,6,1039,1063,24
1188,1,1041,1041,0
1189,8,1041,1061,20
1190,3,1042,1045,3
1191,4,1045,1051,6
1192,14,1045,1072,27
1193,2,1046,1052,6
1194,1,1046,1046,0
1195,3,1046,1051,5
1196,3,1048,1052,4
1197,7,1048,1074,26
1198,8,1048,1063,15
1199,5,1048,1056,8
1200,15,1049,1086,37
1201,5,1049,1054,5
1202,4,1049,1053,4
1203,38,1052,1115,63
1204,7,1053,1062,9
1205,20,1054,1095,41
1206,7,1056,1082,26
1207,32,1057,1108,51
1208,15,1057,1084,27
1209,4,1058,1068,10
1210,9,1058,1084,26
1211,15,1060,1106,46
1212,6,1060,1067,7
1213,4,1062,1071,9
1214,6,1063,1080,17
1215,1,1063,1063,0
1216,3,1063,1068,5
1217,11,1063,1090,27
1218,37,1063,1115,52
1219,8,1064,1079,15
1220,29,1064,1118,54
1221,4,1066,1078,12
1222,26,1066,1118,52
1223,1,1066,1066,0
1224,4,1066,1076,10
1225,6,1067,1086,19
1226,30,1068,1118,50
1227,25,1071,1113,42
1228,14,1072,1111,39
1229,21,1072,1118,46
1230,4,1073,1091,18
1231,30,1073,1118,45
1232,10,1074,1118,44
1233,2,1075,1076,1
1234,4,1075,1081,6
1235,5,1076,1093,17
1236,25,1078,1116,38
1237,4,1079,1083,4
1238,13,1079,1095,16
1239,20,1079,1116,37
1240,20,1079,1118,39
1241,9,1079,1101,22
1242,5,1080,1091,11
1243,3,1082,1089,7
1244,2,1083,1088,5
1245,7,1084,1109,25
1246,14,1084,1117,33
1247,4,1085,1089,4
1248,5,1086,1110,24
1249,3,1090,1092,2
1250,25,1090,1118,28
1251,17,1090,1116,26
1252,9,1090,1110,20
1253,2,1091,1094,3
1254,7,1091,1100,9
1255,6,1091,1118,27
1256,15,1092,1118,26
1257,7,1092,1099,7
1258,2,1093,1094,1
1259,15,1093,1114,21
1260,3,1094,1100,6
1261,6,1095,1103,8
1262,14,1095,1116,21
1263,4,1095,1110,15
1264,6,1097,1117,20
1265,5,1098,1118,20
1266,6,1099,1117,18
1267,7,1099,1107,8
1268,7,1099,1110,11
1269,12,1101,1116,15
1270,7,1102,1115,13
1271,8,1102,1118,16
1272,2,1105,1108,3
1273,4,1107,1118,11
1274,4,1107,1118,11
1275,3,1107,1118,11
1276,8,1108,1118,10
1277,5,1109,1117,8
1278,2,1110,1118,8
1279,4,1112,1116,4
1280,3,1112,1116,4
1281,5,1112,1117,5
1282,1,1113,1113,0
1283,3,1114,1117,3
1284,2,1114,1118,4
1285,1,1114,1114,0
1286,1,1115,1115,0
1287,3,1115,1118,3
1288,1,1117,1117,0
1289,1,1117,1117,0
1290,1,1118,1118,0
